authorid,id,d,author,completename
2,1486,4,Lefebvre A,Lefebvre Arnaud
17,1697,10,Lefebvre A,Lefebvre Schuhl Anne
3013,2533,7,Abe L,Abe Lyu
3013,2639,7,Abe L,Abe Lyu
2006,2689,0,Louvet N,Louvet Nicolas
2020,2689,1,Muller JM,Muller Jean Michel
2007,2691,0,de Dinechin F,De Dinechin Florent
2006,2692,1,Louvet N,Louvet Nicolas
2020,2692,3,Muller JM,Muller Jean Michel
3013,2876,1,Abe L,Abe Lyu
2024,4274,3,Muller JM,Muller Jean Michel
3015,5154,4,Abe M,Abe Maiko
3005,5437,1,Abe H,Abe Hiroyuki
3025,5542,0,Abe S,Abe Sumiyoshi
38,6362,0,Liu W,Liu Weihua
1104,6824,2,Morel M,Morel Michel
2025,6965,10,Daumas-Duport C,Daumas-Duport Catherine
3027,7384,2,Abe T,Abe Taichi
3033,7502,2,Arlot M,Arlot Monique E
1001,9057,4,Meyer R,Meyer Rene
10,10316,3,Lefebvre A,Lefebvre Aurelie
3036,10351,6,Barba R,Barba Rebeca
3036,10352,8,Barba R,Barba Rebeca
3036,10353,6,Barba R,Barba Rebeca
3036,10355,6,Barba R,Barba Rebeca
3045,10486,170,Eklund L,Eklund Lars
2002,11412,4,Pujolle G,Pujolle Guy
3040,12441,0,Bassetti MA,Bassetti Maria Angela
3051,12441,4,Jouet G,Jouet Gwenael
2008,13902,1,de Dinechin G,De Dinechin Guillaume
2011,14025,1,Boussaid N,Boussaid Nabile
3059,14043,6,Ades L,Ades Lionel
3043,14137,4,Blaise BJ,Blaise Benjamin
3033,14337,2,Arlot ME,Arlot Monique E
3050,14560,4,Jouet JP,Joeut Jean Pierre
3059,15102,18,Ades L,Ades Lionel
3038,15767,7,Bassand JP,Bassand Jean Pierre
3057,17117,4,Puget J,Puget Jean
3038,17615,5,Bassand JP,Bassand Jean Pierre
2004,18292,0,Louvet N,Louvet Nicolas
2021,18535,10,Muller JMV,Muller Jessica-M
1106,18747,2,Morel M,Morel Milena 
1106,19517,1,Morel M,Morel Milena 
3053,19641,2,Puget JL,Pudget Jean Loup
3053,19646,1,Puget JL,Pudget Jean Loup
3053,19647,60,Puget JL,Pudget Jean Loup
3053,19648,17,Puget JL,Pudget Jean Loup
3053,19650,19,Puget JL,Pudget Jean Loup
3053,19651,32,Puget JL,Pudget Jean Loup
2002,19895,2,Pujolle G,Pujolle Guy
3052,19940,13,Karakiewicz PI,Karakiewicz Pierre
3045,20147,170,Eklund L,Eklund Lars
3041,20223,1,Bassetti M,Bassetti Mauro
3038,20419,12,Bassand JP,Bassand Jean Pierre
3048,20865,2,Godard A,Godard Anne
3050,21267,5,Jouet JP,Joeut Jean Pierre
2022,22059,5,Muller JM,Muller Jean-Marc
18,22956,2,Lefebvre A,Lefebvre Alex
3027,23794,8,Abe T,Abe Taichi
2019,25453,0,Boussaid-Om Ezzine S,Boussaid-Om Ezzine S
3050,25606,7,Jouet JP,Joeut Jean Pierre
2002,25814,1,Pujolle G,Pujolle Guy
37,26129,2,Liu W,Liu Wei
3060,26764,19,Ades L,Ades Lesley
5,27114,5,Lefebvre A,Lefebvre Annie
3023,27303,3,Abe SY,Abe Yapi Simon
2011,27699,0,Boussaid N,Boussaid Nabile
2023,27815,0,Muller JM,Muller Judith M
1102,29233,1,Morel M,Morel Myriam
3043,29484,0,Blaise BJ,Blaise Benjamin
3038,30257,1,Bassand JP,Bassand Jean Pierre
31,30426,8,Rodriguez F,Rodriguez Fernando
3025,31852,0,Abe S,Abe Sumiyoshi
2027,32111,1,Daumas S,Daumas Stéphanie
3026,33556,7,Allemand JF,Allemand Jean-François
3043,34450,0,Blaise B,Blaise Benjamin
3050,34557,7,Jouet JP,Joeut Jean Pierre
3059,34564,5,Ades L,Ades Lionel
3050,34591,5,Jouet JP,Joeut Jean Pierre
3013,34753,14,Abe L,Abe Lyu
3022,34968,4,Abe R,Abe Ryu
3053,35515,15,Puget JL,Pudget Jean Loup
3053,37516,9,Puget JL,Pudget Jean Loup
3053,37528,2,Puget JL,Pudget Jean Loup
3025,38000,0,Abe S,Abe Sumiyoshi
38,38593,1,Liu W,Liu Weihua
3052,38662,1,Karakiewicz PI,Karakiewicz Pierre
3025,38699,0,Abe S,Abe Sumiyoshi
3044,38884,0,Chiron GR,Chiron Guy R
3013,39382,12,Abe L,Abe Lyu
2010,40271,3,de Dinechin M,De Dinechin Marc
3043,40795,3,Blaise BJ,Blaise Benjamin
3023,41841,3,Abe SY,Abe Yapi Simon
3052,47187,1,Karakiewicz PT,Karakiewicz Pierre
22,48329,4,Rodriguez F,Rodriguez Fernando
3052,48687,11,Karakiewicz PI,Karakiewicz Pierre
3050,49303,0,Jouet JP,Joeut Jean Pierre
24,50512,4,Rodriguez F,Rodriguez Fernand
2025,50922,8,Daumas-Duport C,Daumas-Duport Catherine
3052,51686,4,Karakiewicz PI,Karakiewicz Pierre
2002,52838,3,Pujolle G,Pujolle Guy
2,53291,7,Lefebvre A,Lefebvre Arnaud
2,53302,6,Lefebvre A,Lefebvre Arnaud
3057,53583,5,Puget J,Puget Jean
3051,54278,2,Jouet G,Jouet Gwenael
3001,55776,2,Abe C,Abe Claude
2002,55857,2,Pujolle G,Pujolle Guy
2004,56041,3,Louvet N,Louvet Nicolas
3003,56994,2,Abe E,Abe Emuri
3052,57160,10,Karakiewicz P,Karakiewicz Pierre
2025,57201,6,Daumas-Duport C,Daumas-Duport Catherine
3026,57838,2,Allemand JF,Allemand Jean-François
2013,58907,4,Boussaid B,Boussaid Boubekour
3013,59564,5,Abe L,Abe Lyu
3059,60763,0,Ades L,Ades Lionel
1003,61989,0,Meyer R,Meyer Rodolphe
2022,62194,3,Muller JM,Muller Jean-Marc
3016,62416,4,Abe M,Abe Manabu
3001,62916,8,Abe C,Abe Claude
3031,63111,0,Abe Y,Abe Yasuhisa
3047,63433,4,Godard AM,Godard Anne Marie
3038,63636,0,Bassand JP,Bassand Jean Pierre
3013,63956,13,Abe L,Abe Lyu
3052,64883,6,Karakiewicz PI,Karakiewicz Pierre
3052,64902,3,Karakiewicz PI,Karakiewicz Pierre
2025,65108,14,Daumas-Duport C,Daumas-Duport Catherine
3059,65119,0,Ades L,Ades Lionel
3035,65529,11,Barba RH,Barba Rodolfo H
35,65834,1,Liu W,Liu Wei
3003,66312,1,Abe E,Abe Emuri
22,66903,3,Rodriguez F,Rodriguez Fernand
3033,67472,2,Arlot ME,Arlot Monique E
3052,67962,1,Karakiewicz PI,Karakiewicz Pierre
3021,68949,2,Abe O,Abe Osamu
3019,69437,14,Abe M,Abe Mikiko
3017,69739,3,Abe M,Abe Minori
3052,70409,14,Karakiewicz PI,Karakiewicz Pierre
3042,71189,2,Bassetti M,Basetti Matteo
1005,71715,5,Meyer R,Meyer Randall 
2015,71906,5,Boussaid A,Boussaid Abdellatif
3038,72557,6,Bassand JP,Bassand Jean Pierre
2025,72814,7,Daumas-Duport C,Daumas-Duport Catherine
3038,73104,7,Bassand JP,Bassand Jean Pierre
3052,73584,5,Karakiewicz PI,Karakiewicz Pierre
2028,73766,0,Daumas M,Daumas Marc
2006,73767,3,Louvet N,Louvet Nicolas
2020,73767,4,Muller JM,Muller Jean Michel
3057,74240,7,Puget J,Puget Jean
35,74472,0,Liu W,Liu Wei
3052,74920,2,Karakiewicz P,Karakiewicz Pierre
3050,75011,13,Jouet JP,Joeut Jean Pierre
3025,75048,0,Abe S,Abe Sumiyoshi
3046,75083,1,Gaillot DP,Gaillot Davy P
3052,75281,15,Karakiewicz PI,Karakiewicz Pierre
3001,75366,3,Abe C,Abe Claude
3059,75650,0,Ades L,Ades Lionel
1106,75680,1,Morel M,Morel Milena
2020,76114,1,Muller JM,Muller Jean Michel
3038,76228,0,Bassand JP,Bassand Jean Pierre
3061,76563,14,Abe L,Abe Kentaro
28,76585,3,Rodriguez F,Rodriguez Fabrice
14,77639,0,Lefebvre A,Lefebvre Anne
3057,78558,5,Puget J,Puget Jean
1101,78633,1,Morel M,Morel Mélanie
3052,79175,9,Karakiewicz PI,Karakiewicz Pierre
1101,79684,3,Morel M,Morel Mélanie
3052,80073,19,Karakiewicz PI,Karakiewicz Pierre
3000,80372,5,Abe AS,Abe Augusto S
2010,81321,0,de Dinechin M,De Dinechin Marc
2024,81659,3,Muller JM,Muller Jean Michel
1105,81734,2,Morel M,Morel Maxime
27,82351,5,Rodriguez F,Rodriguez Francisco
3038,82637,6,Bassand JP,Bassand Jean Pierre
3059,82750,34,Ades L,Ades Lionel
3059,82849,0,Ades L,Ades Lionel
3059,82850,1,Ades L,Ades Lionel
3050,82904,8,Jouet JP,Joeut Jean Pierre
3050,82980,7,Jouet JP,Joeut Jean Pierre
3059,82990,1,Ades L,Ades Lionel
3059,82991,1,Ades L,Ades Lionel
3050,83020,8,Jouet JP,Joeut Jean Pierre
3050,83022,6,Jouet JP,Joeut Jean Pierre
3051,83446,1,Jouet G,Jouet Gwenael
3040,83446,2,Bassetti MA,Bassetti Maria Angela
3023,83612,0,Abe SY,Abe Yapi Simon
3026,83807,3,Allemand JF,Allemand Jean-François
24,83835,1,Rodriguez F,Rodriguez Fernand
3038,84000,12,Bassand JP,Bassand Jean Pierre
3013,84088,4,Abe L,Abe Lyu
3059,84151,7,Ades L,Ades Lionel
3052,84812,0,Karakiewicz PI,Karakiewicz Pierre
4,86334,10,Lefebvre A,Lefebvre Andree
3057,86489,3,Puget J,Puget Jean
2002,86638,2,Pujolle G,Pujolle Guy
17,86931,12,Lefebvre A,Lefebvre Schuhl Anne
3038,87169,3,Bassand JP,Bassand Jean Pierre
3038,87328,3,Bassand JP,Bassand Jean Pierre
3040,87373,4,Bassetti MA,Bassetti Maria Angela
38,87830,2,Liu W,Liu Weihua
1000,88215,23,Meyer R, Meyer Renate
3052,88887,0,Karakiewicz PI,Karakiewicz Pierre
3052,89447,0,Karakiewicz PI,Karakiewicz Pierre
3057,90000,4,Puget J,Puget Jean
3033,90110,1,Arlot M,Arlot Monique E
2020,90571,1,Muller JM,Muller Jean Michel
2007,90574,1,De Dinechin F,De Dinechin Florent
3038,91326,0,Bassand JP,Bassand Jean Pierre
3057,91340,0,Puget J,Puget Jean
2025,91879,7,Daumas-Duport C,"Daumas-Duport Catherine
"
3057,92656,0,Puget J,Puget Jean
3023,92737,1,Abe SY,Abe Yapi Simon
3025,92785,0,Abe S,Abe Sumiyoshi
2016,93134,2,Boussaid M,Boussaid Mohammed
3052,93271,0,Karakiewicz PI,Karakiewicz Pierre
3038,93807,1,Bassand JP,Bassand Jean Pierre
3060,93970,21,Ades LC,Ades Lesley
3025,95069,0,Abe S,Abe Sumiyoshi
2022,96661,0,Muller JM,Muller Jean-Marc
3025,96839,0,Abe S,Abe Sumiyoshi
3050,97646,18,Jouet J,Joeut Jean Pierre
3050,97657,18,Jouet J,Joeut Jean Pierre
3033,97745,0,Arlot ME,Arlot Monique E
3038,98060,1,Bassand JP,Bassand Jean Pierre
22,98262,1,Rodriguez F,Rodriguez Fernando
3053,98498,7,Puget JL,Pudget Jean Loup
3012,98948,1,Abe K,Abe Kazutoyo
1007,99538,4,Meyer R,Meyer Rolf
3050,99751,20,Jouet JP,Joeut Jean Pierre
38,102266,4,Liu W,Liu Weihua
2002,103612,3,Pujolle G,Pujolle Guy
1107,103867,1,Morel M,Morel Mathieu
3034,104292,4,Barba R,Barba Rodolfo H
3053,104295,3,Puget JL,Pudget Jean Loup
3038,104906,0,Bassand JP,Bassand Jean Pierre
3057,105534,4,Puget J,Puget Jean
2022,105751,3,Muller JM,Muller Jean-Marc
2022,105930,6,Muller JM,Muller Jean-Marc
35,106068,0,Liu W,Liu Wei
2027,106385,0,Daumas S,Daumas Stéphanie
1100,106719,3,Morel M,Morel Marina
3059,108452,4,Ades L,Ades Lionel
3059,109099,3,Ades L,Ades Lionel
3053,109301,59,Puget JL,Pudget Jean Loup
3038,109888,0,Bassand JP,Bassand Jean Pierre
3052,110000,0,Karakiewicz P,Karakiewicz Pierre
3052,110003,0,Karakiewicz PI,Karakiewicz Pierre
3050,110017,6,Jouet JP,Joeut Jean Pierre
3050,110181,8,Jouet JP,Joeut Jean Pierre
3026,110390,0,Allemand JF,Allemand Jean-François
2030,111832,3,Daumas L,Daumas Laurent
3026,111999,3,Abe S,Abe Shinichi
3059,112561,13,Ades L,Ades Lionel
3059,112611,13,Ades L,Ades Lionel
3059,112626,1,Ades L,Ades Lionel
2018,113249,2,Boussaid S,Boussaid Sourour
3029,113291,499,Abe T,Abe Tetsuo
1108,113968,54,Morel M,Morel M (CERN)
3059,114792,6,Ades L,Ades Lionel
3038,115210,5,Bassand JP,Bassand Jean Pierre
1101,115329,3,Morel M,Morel Mélanie
3059,115503,4,Ades L,Ades Lionel
3059,116390,1,Ades L,Ades Lionel
3053,116615,5,Puget JL,Pudget Jean Loup
1008,116644,2,Meyer R,Meyer Ralf
3057,117211,5,Puget J,Puget Jean
3059,117846,1,Ades L,Ades Lionel
3052,118956,0,Karakiewicz PI,Karakiewicz Pierre
3059,119102,4,Ades L,Ades Lionel
3052,120269,0,Karakiewicz PI,Karakiewicz Pierre
1009,120801,2,Meyer R,Meyer Robert W.
2012,121133,0,Boussaid O,Boussaid Omar
12,121893,4,Lefebvre A,Lefebvre Alain
3051,122198,1,Jouet GL,Jouet Gwenael
3059,122690,8,Ades L,Ades Lionel
3000,122743,4,Abe A,Abe Augusto S
3038,124263,9,Bassand JPL,Bassand Jean Pierre
3038,124272,1,Bassand JPL,Bassand Jean Pierre
3038,124275,8,Bassand JPL,Bassand Jean Pierre
3038,124284,9,Bassand JPL,Bassand Jean Pierre
25,124290,2,Rodriguez F,Rodriguez Fernand
3052,124950,1,Karakiewicz PI,Karakiewicz Pierre
2017,125155,0,Boussaid L,Boussaid Lofti
3052,125553,1,Karakiewicz P,Karakiewicz Pierre
3052,125554,1,Karakiewicz P,Karakiewicz Pierre
3052,125556,0,Karakiewicz PI,Karakiewicz Pierre
3052,125557,0,Karakiewicz PI,Karakiewicz Pierre
3052,125571,1,Karakiewicz PI,Karakiewicz Pierre
3052,125577,0,Karakiewicz PI,Karakiewicz Pierre
3052,125588,1,Karakiewicz P,Karakiewicz Pierre
3052,125589,0,Karakiewicz PI,Karakiewicz Pierre
3052,125616,14,Karakiewicz PI,Karakiewicz Pierre
3052,125628,13,Karakiewicz PI,Karakiewicz Pierre
3018,126475,2,Abe M,Abe Manasori
3026,127377,494,Abe T,Abe Toshinari
3033,128546,1,Arlot M,Arlot Monique E
3025,129298,0,Abe S,Abe Sumiyoshi
3048,129553,6,Godard A,Godard Anne
3009,130165,28,Abe K,Abe Keiichi
3031,131246,0,Abe Y,Abe Yasuhisa
3050,131781,8,Jouet JP,Joeut Jean Pierre
3057,132513,5,Puget J,Puget Jean
0,133315,3,Meyer R,Mayer Rene
1100,133582,3,Morel M,Morel Marina
2016,133868,4,Boussaid M,Boussaid Mohammed
20,134213,2,Rodriguez F,Rodriguez Fernando
2001,134269,0,Velcin JL,Velcin Julien
8,134412,0,Lefebvre A,Lefebvre Arnaud
3026,135188,2,Allemand JF,Allemand Jean-François
3013,135574,0,Abe L,Abe Lyu
24,135839,1,Rodriguez F,Rodriguez Fernand
3026,137287,0,Allemand JF,Allemand Jean-François
2012,137537,2,Boussaid O,Boussaid Omar
2000,137542,2,Zighed D,Zighed Djamel
3056,137791,11,Puget J,Puget Julien
2012,139541,2,Boussaid O,Boussaid Omar
2002,140395,1,Pujolle G,Pujolle Guy
2000,140398,2,Zighed D,Zighed Djamel
3023,141505,0,Abe SY,Abe Yapi Simon
1003,142307,0,Meyer R,Meyer Rodolphe
2002,142619,2,Pujolle G,Pujolle Guy
2022,142799,0,Muller JM,Muller Jean-Marc
22,143630,0,Rodriguez F,Rodriguez Fernando
2020,144928,1,Muller JM,Muller Jean Michel
2007,144929,0,de Dinechin F,De Dinechin Florent
2020,144929,2,Muller JM,Muller Jean Michel
2007,145159,2,De Dinechin F,De Dinechin Florent
3037,146033,3,Barba R,Barba Raquel
2006,146775,1,Louvet N,Louvet Nicolas
2007,146777,1,de Dinechin F,De Dinechin Florent
2012,146793,5,Boussaid O,Boussaid Omar
3013,146817,1,Abe L,Abe Lyu
2002,147304,2,Pujolle G,Pujolle Guy
2002,147329,2,Pujolle G,Pujolle Guy
2002,147365,1,Pujolle G,Pujolle Guy
2028,147519,1,Daumas M,Daumas Marc
36,147773,0,Liu W,"Liu Wei
"
2007,148046,1,de Dinechin F,De Dinechin Florent
0,148144,3,Meyer R,Meyer Robert
1109,149100,3,Morel M,Morel Matthieu
2012,149361,1,Boussaid O,Boussaid Omar
2002,150137,1,Pujolle G,Pujolle Guy
34,150342,0,Liu W,Liu Wu 
1104,150372,2,Morel M,Morel Michel
3012,150657,1,Abe K,Abe Kazutoyo
2002,150879,2,Pujolle G,Pujolle Guy
2002,150881,3,Pujolle G,Pujolle Guy
2002,150970,3,Pujolle G,Pujolle Guy
2002,151141,3,Pujolle G,Pujolle Guy
2002,151429,1,Pujolle G,Pujolle Guy
2002,151430,2,Pujolle G,Pujolle Guy
2002,152054,2,Pujolle G,Pujolle Guy
2002,152807,2,Pujolle G,Pujolle Guy
2002,152848,1,Pujolle G,Pujolle Guy
2002,153383,2,Pujolle G,Pujolle Guy
3046,153443,1,Gaillot D,Gaillot Davy P
2000,153523,1,Zighed DA,Zighed Djamel
3043,153813,0,Blaise BJ,Blaise Benjamin
2002,153840,2,Pujolle G,Pujolle Guy
2007,154082,1,de Dinechin F,De Dinechin Florent
3051,154207,3,Jouet G,Jouet Gwenael
3040,154207,4,Bassetti M,Bassetti Maria Angela
3038,154773,1,Bassand JP,Bassand Jean Pierre
3059,155205,1,Ades L,Ades Lionel
3052,155280,9,Karakiewicz PI,Karakiewicz Pierre
3050,155292,4,Jouet JP,Joeut Jean Pierre
3052,155641,0,Karakiewicz PI,Karakiewicz Pierre
3025,155836,0,Abe S,Abe Sumiyoshi
2008,156071,1,de Dinechin G,De Dinechin Guillaume
2020,156235,1,Muller JM,Muller Jean Michel
2025,156939,4,Daumas-Duport C,Daumas-Duport Catherine
3050,157846,7,Jouet JP,Joeut Jean Pierre
2002,158267,0,Pujolle G,Pujolle Guy
2002,158268,2,Pujolle G,Pujolle Guy
3001,158336,7,Abe C,Abe Claude
3046,159036,0,Gaillot DP,Gaillot Davy P
22,159363,1,Rodriguez F,Rodriguez Fernando
3050,159390,6,Jouet JP,Joeut Jean Pierre
3050,159417,7,Jouet JP,Joeut Jean Pierre
3050,159418,9,Jouet JP,Joeut Jean Pierre
3050,159455,8,Jouet JP,Joeut Jean Pierre
3059,159475,1,Ades L,Ades Lionel
3059,159476,1,Ades L,Ades Lionel
3059,159532,27,Ades L,Ades Lionel
3050,159583,5,Jouet JP,Joeut Jean Pierre
3059,159586,8,Ades L,Ades Lionel
3059,159613,18,Ades L,Ades Lionel
3050,159645,6,Jouet JP,Joeut Jean Pierre
3050,159647,7,Jouet JP,Joeut Jean Pierre
3059,159671,20,Ades L,Ades Lionel
3059,159679,12,Ades L,Ades Lionel
3059,159699,2,Ades L,Ades Lionel
3052,159948,9,Karakiewicz PI,Karakiewicz Pierre
3040,160000,0,Bassetti MA,Bassetti Maria Angela
3051,160000,2,Jouet G,Jouet Gwenael
3038,160074,16,Bassand JP,Bassand Jean Pierre
3038,160300,8,Bassand JP,Bassand Jean Pierre
3031,162066,0,Abe Y,Abe Yasuhisa
2022,162082,3,Muller JM,Muller Jean-Marc
3046,162668,2,Gaillot DP,Gaillot Davy P
3052,163723,11,Karakiewicz PI,Karakiewicz Pierre
2023,164252,2,Muller JM,Muller Judith M
3038,164544,6,Bassand JP,Bassand Jean Pierre
3038,164545,7,Bassand JP,Bassand Jean Pierre
2023,164832,2,Muller JM,Muller Judith M
3051,166559,0,Jouet G,Jouet Gwenael
3052,166900,4,Karakiewicz P,Karakiewicz Pierre
2002,167194,2,Pujolle G,Pujolle Guy
3033,167555,0,Arlot ME,Arlot Monique E
2022,168357,3,Muller JM,Muller Jean-Marc
17,168716,13,Lefebvre A,Lefebvre Schuhl Anne
3013,168944,6,Abe L,Abe Lyu
3057,169052,9,Puget J,Puget Jean
3057,169055,3,Puget J,Puget Jean
3057,169062,12,Puget J,Puget Jean
2024,169270,9,Muller JM,Muller Jean Mich
3031,169925,5,Abe Y,Abe Yasuhisa
27,170377,0,Rodriguez F,Rodriguez Francisco
1000,170485,6,Meyer R, Meyer Renate
3059,171658,1,Ades L,Ades Lionel
3059,172017,1,Ades L,Ades Lionel
2003,172333,1,Pujolle S,Pujolle Sylvain
3003,173428,1,Abe E,Abe Emuri
3049,173889,1,Gosse AR,Gosse Alban R
3043,174396,1,Blaise B,Blaise Benjamin
3033,175644,2,Arlot ME,Arlot Monique E
3046,176124,1,Gaillot DP,Gaillot Davy P
3038,176502,0,Bassand JP,Bassand Jean Pierre
3038,176503,0,Bassand JP,Bassand Jean Pierre
13,176733,5,Lefebvre A,Lefebvre Alain
1008,177048,3,Meyer R,Meyer Ralf
2027,177081,2,Daumas S,Daumas Stéphanie
3003,177291,3,Abe E,Abe Emuri
1100,178778,1,Morel M,Morel Marina
3045,178932,702,Eklund LM,Eklund Lars
1108,178933,690,Morel M,Morel M (CERN)
3045,178934,105,Eklund LM,Eklund Lars
3045,178936,641,Eklund L,Eklund Lars
3026,179543,4,Allemand JF,Allemand Jean-François
2008,179548,3,de Dinechin G,De Dinechin Guillaume
3025,179819,1,Abe S,Abe Sumiyoshi
3059,181250,4,Ades L,Ades Lionel
3052,181309,2,Karakiewicz PI,Karakiewicz Pierre
3046,181413,5,Gaillot DP,Gaillot Davy P
3003,181743,2,Abe E,Abe Emuri
3003,181981,4,Abe E,Abe Emuri
3000,182624,7,Abe A,Abe Augusto S
3033,184000,1,Arlot M,Arlot Monique E
3003,184127,0,Abe E,Abe Emuri
10,184533,2,Lefebvre A,Lefebvre Aurelie
3059,184538,8,Ades L,Ades Lionel
20,184756,7,Rodriguez F,Rodriguez Fernando
3028,185598,2,Abe T,Abe Takashi
2022,185965,3,Muller JM,Muller Jean-Marc
2002,186440,2,Pujolle G,Pujolle Guy
2004,186885,1,Louvet N,Louvet Nicolas
1000,187240,26,Meyer R,Meyer Renate
25,187516,2,Rodriguez F,Rodriguez Fernand
3052,188152,16,Karakiewicz PI,Karakiewicz Pierre
3038,188773,2,Bassand JP,Bassand Jean Pierre
1101,188997,0,Morel M,Morel Mélanie
3060,189878,20,Ades L,Ades Lesley
3,189929,2,Lefebvre A,Lefebvre Aline
2029,190056,1,Daumas A,Daumas Aurelie
3050,191490,6,Jouet J,Joeut Jean Pierre
3059,191750,27,Ades L,Ades Lionel
3059,191751,21,Ades L,Ades Lionel
3050,191792,6,Jouet JP,Joeut Jean Pierre
3050,191794,6,Jouet JP,Joeut Jean Pierre
3059,191801,8,Ades L,Ades Lionel
3050,191807,7,Jouet JP,Joeut Jean Pierre
3059,191811,2,Ades L,Ades Lionel
3050,191819,7,Jouet JP,Joeut Jean Pierre
2025,192033,5,Daumas-Duport C,Daumas-Duport Catherine
3046,192971,3,Gaillot DP,Gaillot Davy P
3038,194430,0,Bassand JP,Bassand Jean Pierre
3052,194561,8,Karakiewicz PI,Karakiewicz Pierre
3038,194774,0,Bassand JP,Bassand Jean Pierre
5,194779,9,Lefebvre A,Lefebvre Annie
10,194936,0,Lefebvre A,Lefebvre Aurelie
2002,194986,2,Pujolle G,Pujolle Guy
3025,195619,1,Abe S,Abe Sumiyoshi
2025,196015,4,Daumas-Duport C,Daumas-Duport Catherine
2025,196050,8,Daumas-Duport C,Daumas-Duport Catherine
3059,196149,0,Ades L,Ades Lionel
3029,196392,1,Abe T,Abe Tetsuo
28,197926,0,Rodriguez F,Rodriguez Fabrice
2005,198699,2,Louvet N,Louvet Nicolas
3057,198956,5,Puget J,Puget Jean
3053,199005,2,Puget JL,Pudget Jean Loup
3038,199752,0,Bassand JP,Bassand Jean Pierre
3052,199902,0,Karakiewicz PI,Karakiewicz Pierre
23,200531,3,Rodriguez F,Rodriguez Francisco
3046,203399,0,Gaillot DP,Gaillot Davy P
3013,203766,3,Abe L,Abe Lyu
3027,204668,3,Allemand J,Allemand Jérome
3052,205432,26,Karakiewicz PI,Karakiewicz Pierre
2002,205880,1,Pujolle G,Pujolle Guy
2002,205881,1,Pujolle G,Pujolle Guy
3057,205972,3,Puget J,Puget Jean
2002,207056,1,Pujolle G,Pujolle Guy
3046,207137,2,Gaillot DP,Gaillot Davy P
12,207714,2,Lefebvre A,Lefebvre Alain
3059,207924,6,Ades L,Ades Lionel
3050,207944,6,Jouet JP,Joeut Jean Pierre
3050,207959,8,Jouet JP,Joeut Jean Pierre
3027,207962,0,Allemand J,Allemand Jérome
3052,208388,19,Karakiewicz P,Karakiewicz Pierre
3052,208391,0,Karakiewicz PI,Karakiewicz Pierre
3052,208393,21,Karakiewicz PI,Karakiewicz Pierre
3052,208394,0,Karakiewicz PI,Karakiewicz Pierre
15,209077,5,Lefebvre A,Lefebvre Anne
3059,209187,1,Ades L,Ades Lionel
3059,210290,0,Ades L,Ades Lionel
3038,210752,3,Bassand JP,Bassand Jean Pierre
3038,210753,2,Bassand JP,Bassand Jean Pierre
2020,211143,1,Muller JM,Muller Jean Michel
3033,211474,0,Arlot ME,Arlot Monique E
2025,212151,3,Daumas-Duport C,Daumas-Duport Catherine
3025,212290,1,Abe S,Abe Sumiyoshi
2024,212837,3,Muller JM,Muller Jean Michel
3059,212972,0,Ades L,Ades Lionel
3038,213748,8,Bassand JP,Bassand Jean Pierre
3059,213779,15,Ades L,Ades Lionel
2028,213826,1,Daumas M,Daumas Marc
3038,214283,0,Bassand JP,Bassand Jean Pierre
3013,214574,1,Abe L,Abe Lyu
2001,214700,1,Velcin J,Velcin Julien
2000,214700,2,Zighed D,Zighed Djamel
2000,214780,2,Zighed D,Zighed Djamel
3026,215147,4,Allemand JF,Allemand Jean-François
3052,216379,14,Karakiewicz PI,Karakiewicz Pierre
3044,216645,0,Chiron G,Chiron Guy R
2009,216761,3,de Dinechin BD,De Dinechin Benoit Dupont
2002,217248,2,Pujolle G,Pujolle Guy
21,217428,2,Rodriguez F,Rodriguez Frank
21,217430,3,Rodriguez F,Rodriguez Frank
3025,218661,0,Abe S,Abe Sumiyoshi
2002,218771,2,Pujolle G,Pujolle Guy
2002,218776,3,Pujolle G,Pujolle Guy
2002,218779,1,Pujolle G,Pujolle Guy
2009,218782,0,de Dinechin BD,De Dinechin Benoit Dupont
3038,218811,0,Bassand JP,Bassand Jean Pierre
2000,219345,1,Zighed DA,Zighed Djamel
2000,219350,2,Zighed D,Zighed Djamel
2002,219700,3,Pujolle G,Pujolle Guy
3013,219791,6,Abe L,Abe Lyu
3013,219794,6,Abe L,Abe Lyu
3013,219798,0,Abe L,Abe Lyu
3013,219800,3,Abe L,Abe Lyu
22,219973,1,Rodriguez F,Rodriguez Fernando
2002,220065,4,Pujolle G,Pujolle Guy
2002,220304,2,Pujolle G,Pujolle Guy
2012,220634,2,Boussaid O,Boussaid Omar
2020,220943,2,Muller JM,Muller Jean Michel
2002,221244,2,Pujolle G,Pujolle Guy
19,221719,4,Rodriguez F,Rodriguez Frederic
3047,221731,2,Godard AM,Godard Anne Marie
27,222731,2,Rodriguez F,Rodriguez Francisco
11,222840,0,Lefebvre A,Lefebvre André
2002,222894,3,Pujolle G,Pujolle Guy
2002,222900,3,Pujolle G,Pujolle Guy
3046,223200,2,Gaillot DP,Gaillot Davy P
3046,223201,0,Gaillot DP,Gaillot Davy P
2000,223321,2,Zighed D,Zighed Djamel
2023,223383,0,Muller JM,Muller Judith M
2002,223729,1,Pujolle G,Pujolle Guy
1103,223905,0,Morel M,Morel-Rouhier Mélanie
3024,224058,40,Abe S,Abe Shinsuke
3031,224954,2,Abe Y,Abe Yasuhisa
2007,225306,0,de Dinechin F,De Dinechin Florent
2011,226358,0,Boussaid N,Boussaid Nabile
2002,227369,2,Pujolle G,Pujolle Guy
2002,227379,2,Pujolle G,Pujolle Guy
2002,227381,2,Pujolle G,Pujolle Guy
2002,227752,4,Pujolle G,Pujolle Guy
2002,227913,3,Pujolle G,Pujolle Guy
3046,228073,2,Gaillot DP,Gaillot Davy P
2002,228122,1,Pujolle G,Pujolle Guy
2002,228215,3,Pujolle G,Pujolle Guy
2002,228239,1,Pujolle G,Pujolle Guy
2002,228281,2,Pujolle G,Pujolle Guy
2002,228284,2,Pujolle G,Pujolle Guy
2002,228287,3,Pujolle G,Pujolle Guy
2002,228878,3,Pujolle G,Pujolle Guy
2002,228882,2,Pujolle G,Pujolle Guy
2002,228886,3,Pujolle G,Pujolle Guy
2007,229074,1,de Dinechin F,De Dinechin Florent
2020,229074,2,Muller JM,Muller Jean Michel
2020,229075,3,Muller JM,Muller Jean Michel
2002,229262,3,Pujolle G,Pujolle Guy
2002,229418,2,Pujolle G,Pujolle Guy
2025,230414,4,Daumas-Duport C,Daumas-Duport Catherine
3038,230676,0,Bassand JP,Bassand Jean Pierre
2002,230891,2,Pujolle G,Pujolle Guy
2002,231849,2,Pujolle G,Pujolle Guy
2002,231931,1,Pujolle G,Pujolle Guy
3053,232720,3,Puget JL,Pudget Jean Loup
2002,233382,1,Pujolle G,Pujolle Guy
2002,233393,3,Pujolle G,Pujolle Guy
2002,233398,2,Pujolle G,Pujolle Guy
2002,233402,2,Pujolle G,Pujolle Guy
2002,233517,2,Pujolle G,Pujolle Guy
2002,233541,1,Pujolle G,Pujolle Guy
2002,233566,3,Pujolle G,Pujolle Guy
2002,233587,3,Pujolle G,Pujolle Guy
3046,233749,3,Gaillot DP,Gaillot Davy P
3046,233750,0,Gaillot DP,Gaillot Davy P
2002,234226,3,Pujolle G,Pujolle Guy
3038,235738,5,Bassand JP,Bassand Jean Pierre
3052,236225,12,Karakiewicz PI,Karakiewicz Pierre
3052,236226,10,Karakiewicz P,Karakiewicz Pierre
1103,236338,0,Morel M,Morel-Rouhier Mélanie
3052,237029,9,Karakiewicz PI,Karakiewicz Pierre
2005,237402,5,Louvet N,Louvet Nicolas
3020,238130,8,Abe M,Abe Michiaki
3030,238130,31,Abe T,Abe Takaaki
3052,238176,17,Karakiewicz PI,Karakiewicz Pierre
3052,238177,0,Karakiewicz PI,Karakiewicz Pierre
3059,238232,1,Ades L,Ades Lionel
3040,239137,2,Bassetti MA,Bassetti Maria Angela
3051,239137,12,Jouet G,Jouet Gwenael
39,240076,0,Liu W,"Liu Wei
"
3050,240394,6,Jouet JP,Joeut Jean Pierre
3059,240399,30,Ades L,Ades Lionel
3059,240400,0,Ades L,Ades Lionel
3059,240429,0,Ades L,Ades Lionel
3059,240430,20,Ades L,Ades Lionel
3059,240441,5,Ades L,Ades Lionel
3050,240463,6,Jouet JP,Joeut Jean Pierre
3059,240491,16,Ades L,Ades Lionel
3059,240517,0,Ades L,Ades Lionel
3059,240560,25,Ades L,Ades Lionel
3059,240630,2,Ades L,Ades Lionel
3059,240631,4,Ades L,Ades Lionel
3059,240632,27,Ades L,Ades Lionel
3038,241548,7,Bassand JP,Bassand Jean Pierre
3053,242109,10,Puget JL,Pudget Jean Loup
3025,242856,0,Abe S,Abe Sumiyoshi
3052,242893,11,Karakiewicz PI,Karakiewicz Pierre
3038,243038,0,Bassand JP,Bassand Jean Pierre
3031,243306,0,Abe Y,Abe Yasuhisa
3007,243800,4,Abe H,"Hiroshi Abe
"
3006,243800,7,Abe H,Abe Hidekazu
3057,244222,4,Puget J,Puget Jean
1000,244383,5,Meyer R,Meyer Renate
3000,244418,4,Abe A,Abe Augusto S
2002,245394,1,Pujolle G,Pujolle Guy
28,245462,3,Rodriguez F,Rodriguez Fabrice
3026,247757,3,Allemand JF,Allemand Jean-François
3059,248328,9,Ades L,Ades Lionel
3002,248539,5,Abe CM,Abe Cecilia M
2006,248706,2,Louvet N,Louvet Nicolas
3038,249346,9,Bassand JP,Bassand Jean Pierre
3038,249347,9,Bassand JP,Bassand Jean Pierre
3052,249350,13,Karakiewicz PI,Karakiewicz Pierre
1106,249638,0,Morel M,Morel Milena 
3031,250321,1,Abe Y,Abe Yasuhisa
3052,250570,13,Karakiewicz PI,Karakiewicz Pierre
3052,250571,9,Karakiewicz PI,Karakiewicz Pierre
3013,250831,1,Abe L,Abe Lyu
2025,251147,8,Daumas-Duport C,Daumas-Duport Catherine
2025,251185,4,Daumas-Duport C,Daumas-Duport Catherine
5,251284,7,Lefebvre A,Lefebvre Annie
2002,251377,2,Pujolle G,Pujolle Guy
2022,251560,3,Muller JM,Muller Jean-Marc
2022,251561,0,Muller JM,Muller Jean-Marc
3038,252105,6,Bassand JP,Bassand Jean Pierre
3038,252106,7,Bassand JP,Bassand Jean Pierre
3038,252107,7,Bassand JP,Bassand Jean Pierre
1,252967,3,Lefebvre A,Lefebvre Alain
3052,253489,10,Karakiewicz PI,Karakiewicz Pierre
3025,253606,0,Abe S,Abe Sumiyoshi
2004,254235,1,Louvet N,Louvet Nicolas
3052,254253,3,Karakiewicz P,Karakiewicz Pierre
3014,255195,1,Abe M,Abe Mitsuhiro
3052,255406,3,Karakiewicz PI,Karakiewicz Pierre
3059,255470,3,Ades L,Ades Lionel
3003,256630,1,Abe E,Abe Emuri
3011,258256,6,Abe K,Abe Koichiro
2002,258464,6,Pujolle G,Pujolle Guy
2002,258465,1,Pujolle G,Pujolle Guy
3043,259428,0,Blaise BJ,Blaise Benjamin
1002,259506,0,Meyer R,Meyer Richard 
3054,259615,3,Puget J,Puget Jeremie
3025,259784,0,Abe S,Abe Sumiyoshi
3025,260215,0,Abe S,Abe Sumiyoshi
2028,260631,1,Daumas M,Daumas Marc
1106,260939,0,Morel M,Morel Milena 
3052,261037,15,Karakiewicz PI,Karakiewicz Pierre
3052,261333,15,Karakiewicz PI,Karakiewicz Pierre
2027,261383,0,Daumas S,Daumas Stéphanie
3044,262034,0,Chiron GR,Chiron Guy R
2025,262418,11,Daumas-Duport C,Daumas-Duport Catherine
3014,262519,1,Abe M,Abe Mitsuhiro
3050,262683,4,Jouet JP,Joeut Jean Pierre
3050,263481,6,Jouet JP,Joeut Jean Pierre
3018,266189,11,Abe M,Abe Manasori
3025,266394,0,Abe S,Abe Sumiyoshi
3013,266987,4,Abe L,Abe Lyu
3001,268592,25,Abe C,Abe Claude
3025,269036,0,Abe S,Abe Sumiyoshi
2002,269742,2,Pujolle G,Pujolle Guy
3052,270280,10,Karakiewicz PI,Karakiewicz Pierre
3052,270282,14,Karakiewicz PI,Karakiewicz Pierre
3052,270781,16,Karakiewicz P,Karakiewicz Pierre
2029,270924,1,Daumas A,Daumas Aurelie
38,271334,1,Liu W,Liu Weihua
3050,271527,12,Jouet JP,Joeut Jean Pierre
3051,271861,5,Jouet G,Jouet Gwenael
3059,272151,19,Ades L,Ades Lionel
2004,272162,0,Louvet N,Louvet Nicolas
3052,272601,3,Karakiewicz P,Karakiewicz Pierre
3059,273010,1,Ades L,Ades Lionel
3010,273217,1,Abe K,Abe Ko
3052,273796,19,Karakiewicz PI,Karakiewicz Pierre
2002,273865,2,Pujolle G,Pujolle Guy
3059,274288,20,Ades L,Ades Lionel
3059,274331,1,Ades L,Ades Lionel
3059,274353,23,Ades L,Ades Lionel
3059,274365,12,Ades L,Ades Lionel
3038,275136,4,Bassand JP,Bassand Jean Pierre
3001,275592,1,Abe C,Abe Claude
1100,275781,4,Morel M,Morel Marina
3060,276367,20,Ades L,Ades Lesley
3033,276814,2,Arlot ME,Arlot Monique E
3026,277506,0,Allemand JF,Allemand Jean-François
3056,277991,0,Puget J,Puget Julien
3029,278316,0,Abe T,Abe Tetsuo
3043,278487,0,Blaise BJ,Blaise Benjamin
3033,279894,5,Arlot M,Arlot Monique E
3059,280006,1,Ades L,Ades Lionel
3059,280007,1,Ades L,Ades Lionel
3059,280009,12,Ades L,Ades Lionel
3059,280016,12,Ades L,Ades Lionel
3059,280024,13,Ades L,Ades Lionel
3059,280028,14,Ades L,Ades Lionel
3059,280029,12,Ades A,Ades Lionel
2008,280247,5,De Dinechin G,De Dinechin Guillaume
3059,280470,0,Ades L,Ades Lionel
3059,280799,8,Ades L,Ades Lionel
3026,281352,2,Allemand JF,Allemand Jean-François
41,281805,4,Liu W,Liu Weiwei
3050,282004,8,Jouet JP,Joeut Jean Pierre
3052,282021,9,Karakiewicz PI,Karakiewicz Pierre
3052,282022,12,Karakiewicz PI,Karakiewicz Pierre
3052,282023,12,Karakiewicz PI,Karakiewicz Pierre
3052,282113,9,Karakiewicz PI,Karakiewicz Pierre
3038,282264,9,Bassand JP,Bassand Jean Pierre
3038,282570,6,Bassand JP,Bassand Jean Pierre
3060,282600,21,Ades L,Ades Lesley
3024,282943,2,Abe S,Abe Shinsuke
10,283064,0,Lefebvre A,Lefebvre Aurelie
3018,283288,2,Abe M,Abe Manasori
2010,283324,0,de Dinechin M,De Dinechin Marc
3059,283849,21,Ades L,Ades Lionel
3026,284205,3,Allemand JF,Allemand Jean-François
3025,284443,0,Abe S,Abe Sumiyoshi
1006,284535,11,Meyer R,Meyer Roberto
9,284684,2,Lefebvre A,Lefebvre Arnaud
3032,286267,71,Abe Y,Abe Yuki
3033,286272,1,Arlot M,Arlot Monique E
3038,286677,7,Bassand JP,Bassand Jean Pierre
3038,286678,7,Bassand JP,Bassand Jean Pierre
3038,287100,10,Bassand JP,Bassand Jean Pierre
3038,288068,5,Bassand JP,Bassand Jean Pierre
3,288164,2,Lefebvre A,Lefebvre Aline
2004,288165,1,Louvet N,Louvet Nicolas
2002,288632,7,Pujolle G,Pujolle Guy
2002,290559,3,Pujolle G,Pujolle Guy
3059,290848,8,Ades L,Ades Lionel
3059,290868,2,Ades L,Ades Lionel
3050,290882,5,Jouet JP,Joeut Jean Pierre
3052,291246,8,Karakiewicz PI,Karakiewicz Pierre
3052,291262,7,Karakiewicz PI,Karakiewicz Pierre
3052,291269,19,Karakiewicz PI,Karakiewicz Pierre
3052,291270,13,Karakiewicz PI,Karakiewicz Pierre
3033,291572,2,Arlot M,Arlot Monique E
2002,291841,2,Pujolle G,Pujolle Guy
3026,292060,1,Allemand JF,Allemand Jean-François
3038,292231,7,Bassand JP,Bassand Jean Pierre
3051,292379,3,Jouet G,Jouet Gwenael
3038,292926,9,Bassand JP,Bassand Jean Pierre
3052,293384,5,Karakiewicz P,Karakiewicz Pierre
3052,293543,12,Karakiewicz PI,Karakiewicz Pierre
3052,294023,0,Karakiewicz PI,Karakiewicz Pierre
3052,294024,6,Karakiewicz PI,Karakiewicz Pierre
2028,294249,0,Daumas M,Daumas Marc
3052,294412,13,Karakiewicz PI,Karakiewicz Pierre
3052,294637,2,Karakiewicz PI,Karakiewicz Pierre
3052,295005,7,Karakiewicz PI,Karakiewicz Pierre
2025,295326,7,Daumas-Duport C,Daumas-Duport Catherine
3059,295399,2,Ades L,Ades Lionel
1103,295650,0,Morel M,Morel-Rouhier Mélanie
3052,296081,9,Karakiewicz PI,Karakiewicz Pierre
2020,296250,2,Muller JM,Muller Jean Michel
2004,297586,2,Louvet N,Louvet Nicolas
1103,297916,0,Morel M,Morel-Rouhier Mélanie
3052,299713,19,Karakiewicz PI,Karakiewicz Pierre
2009,300083,3,de Dinechin BD,De Dinechin Benoit Dupont
1004,301030,0,Meyer R,Meyer Roland
3,302254,0,Lefebvre A,Lefebvre Aline
1110,302835,1,Morel M,Morel Mathieu
2000,302866,1,Zighed DA,Zighed Djamel
2007,302885,0,de Dinechin F,De Dinechin Florent
2007,302886,0,de Dinechin F,De Dinechin Florent
22,303477,2,Rodriguez F,Rodriguez Fernand
2002,303959,2,Pujolle G,Pujolle Guy
2000,304268,1,Zighed DA,Zighed Djamel
3057,304945,5,Puget J,Puget Jean
20,305434,0,Rodriguez F,Rodriguez Fernando
3057,305770,2,Puget J,Puget Jean
1107,306257,0,Morel M,Morel Mathieu
3027,306468,3,Allemand J,Allemand Jérome
2000,306485,1,Zighed DA,Zighed Djamel
2028,307003,0,Daumas M,Daumas Marc
3060,307275,16,Ades LC,Ades Lesley
3049,307917,0,Gosse A,Gosse Alban R
3060,308118,22,Ades L,Ades Lesley
3013,310458,0,Abe L,Abe Lyu
3013,310916,11,Abe L,Abe Lyu
6,311742,0,Lefebvre A,"Lefebvre, Antoine"
2002,312278,4,Pujolle G,Pujolle Guy
2002,312520,3,Pujolle G,Pujolle Guy
2014,312565,0,Boussaid B,Boussaid Boudmeyen
2002,313134,1,Pujolle G,Pujolle Guy
2001,313152,2,Velcin J,Velcin Julien
2001,313182,1,Velcin J,Velcin Julien
3013,313488,0,Abe L,Abe Lyu
3013,313493,8,Abe L,Abe Lyu
3013,314098,3,Abe L,Abe Lyu
33,314247,2,Liu W,Liu Wei
2025,314840,6,Daumas-Duport C,Daumas-Duport Catherine
28,315227,1,Rodriguez F,Rodriguez Fabrice
2002,315689,1,Pujolle G,Pujolle Guy
3049,315998,3,Gosse A,Gosse Alban R
3049,315999,4,Gosse A,Gosse Alban R
30,316184,4,Rodriguez F,Rodriguez Felicia
7,316486,2,Lefebvre A,"Lefebvre, Alexandre"
1100,316721,4,Morel M,Morel Marina
3005,316790,1,Abe H,Abe Hiroyuki
2002,317460,1,Pujolle G,Pujolle Guy
2002,317468,3,Pujolle G,Pujolle Guy
2002,317469,2,Pujolle G,Pujolle Guy
5018,299202,3,Garcia PJV,Garcia Paulo Jorge Valente
5018,292830,4,Garcia PJV,Garcia Paulo Jorge Valente
5018,561,0,Garcia PJV,Garcia Paulo Jorge Valente
5018,28876,11,Garcia PJV,Garcia Paulo Jorge Valente
5018,34715,10,Garcia PJV,Garcia Paulo Jorge Valente
5018,56234,5,Garcia PJV,Garcia Paulo Jorge Valente
5018,84040,10,Garcia PJV,Garcia Paulo Jorge Valente
5018,90834,1,Garcia PJV,Garcia Paulo Jorge Valente
5018,204450,1,Garcia PJV,Garcia Paulo Jorge Valente
5000,10569,2,Garcia CL,Clementina Lopez Garcia
5000,57930,0,Garcia CL,Clementina Lopez Garcia
5001,205685,14,Muller DN,Dominik N. Muller
5001,74105,1,Muller DN,Dominik N. Muller
5001,80412,6,Muller DN,Dominik N. Muller
5001,89763,6,Muller DN,Dominik N. Muller
5001,110754,2,Muller DN,Dominik N. Muller
5001,187993,3,Muller DN,Dominik N. Muller
5001,288512,14,Muller DN,Dominik N. Muller
5002,108007,2,Muller GJ,Georg J Müller
5003,7881,2,Muller GJ,Gernot J. Müller
5004,260182,2,Muller HG,Hans-Georg Müller
5005,56416,1,Muller HG,Harm Geert Muller
5005,28302,1,Muller HG,Harm Geert Muller
5005,133994,2,Muller HG,Harm Geert Muller
5005,185052,6,Muller HG,Harm Geert Muller
5005,195997,10,Muller HG,Harm Geert Muller
5006,174544,156,Garcia JE,Garcia JE
5006,111564,165,Garcia JE,Garcia JE
5006,111565,168,Garcia JE,Garcia JE
5006,111598,166,Garcia JE,Garcia JE
5006,116936,165,Garcia JE,Garcia JE
5006,116937,167,Garcia JE,Garcia JE
5006,116938,167,Garcia JE,Garcia JE
5006,118393,167,Garcia JE,Garcia JE
5006,119069,167,Garcia JE,Garcia JE
5006,121966,167,Garcia JE,Garcia JE
5006,2068,145,Garcia JE,Garcia JE
5006,2069,142,Garcia JE,Garcia JE
5006,2094,145,Garcia JE,Garcia JE
5006,2976,145,Garcia JE,Garcia JE
5006,3001,146,Garcia JE,Garcia JE
5006,3002,155,Garcia JE,Garcia JE
5006,13713,155,Garcia JE,Garcia JE
5006,13753,146,Garcia JE,Garcia JE
5006,13756,145,Garcia JE,Garcia JE
5006,21861,154,Garcia JE,Garcia JE
5006,24209,155,Garcia JE,Garcia JE
5006,24225,155,Garcia JE,Garcia JE
5006,24240,145,Garcia JE,Garcia JE
5006,29273,155,Garcia JE,Garcia JE
5006,30175,155,Garcia JE,Garcia JE
5006,31661,154,Garcia JE,Garcia JE
5006,35106,155,Garcia JE,Garcia JE
5007,131775,6,Garcia JF,Jose-Francisco Garcia
5007,131774,12,Garcia JF,Jose-Francisco Garcia
5007,104433,6,Garcia JF,Jose-Francisco Garcia
5007,199131,7,Garcia JF,Jose-Francisco Garcia
5008,70514,15,Garcia JM,Jaime Maldonado Garcia
5008,317315,3,Garcia JM,Jaime Maldonado Garcia
5009,317322,2,Garcia JM,Jean-Marie Garcia
5009,317315,3,Garcia JM,Jean-Marie Garcia
5009,149498,2,Garcia JM,Jean-Marie Garcia
5009,315642,2,Garcia JM,Jean-Marie Garcia
5010,24208,1008,Garcia JMV,Garcia JMV
5010,2081,1039,Garcia JMV,Garcia JMV
5010,5522,1006,Garcia JMV,Garcia JMV
5010,5532,1005,Garcia JMV,Garcia JMV
5010,6167,1234,Garcia JMV,Garcia JMV
5010,6168,1235,Garcia JMV,Garcia JMV
5010,6169,1236,Garcia JMV,Garcia JMV
5010,6171,1236,Garcia JMV,Garcia JMV
5010,6172,1238,Garcia JMV,Garcia JMV
5010,6173,1236,Garcia JMV,Garcia JMV
5010,6174,1236,Garcia JMV,Garcia JMV
5010,6175,1236,Garcia JMV,Garcia JMV
5010,6176,1236,Garcia JMV,Garcia JMV
5010,6177,1234,Garcia JMV,Garcia JMV
5010,6178,1236,Garcia JMV,Garcia JMV
5010,6179,1227,Garcia JMV,Garcia JMV
5010,6180,1235,Garcia JMV,Garcia JMV
5010,6181,1236,Garcia JMV,Garcia JMV
5010,6182,1236,Garcia JMV,Garcia JMV
5010,6183,1236,Garcia JMV,Garcia JMV
5010,6184,1236,Garcia JMV,Garcia JMV
5010,6185,1236,Garcia JMV,Garcia JMV
5010,8769,1038,Garcia JMV,Garcia JMV
5010,15640,1036,Garcia JMV,Garcia JMV
5010,39457,1005,Garcia JMV,Garcia JMV
5010,39459,1006,Garcia JMV,Garcia JMV
5010,110936,1087,Garcia JMV,Garcia JMV
5011,126449,2,Garcia LM,Luis Miguel García Vinuesa
5011,18738,3,Garcia LM,Luis Miguel García Vinuesa
5011,39487,4,Garcia LM,Luis Miguel García Vinuesa
5011,50844,2,Garcia LM,Luis Miguel García Vinuesa
5011,52485,2,Garcia LM,Luis Miguel García Vinuesa
5011,56133,7,Garcia LM,Luis Miguel García Vinuesa
5011,95900,1,Garcia LM,Luis Miguel García Vinuesa
5011,95911,0,Garcia LM,Luis Miguel García Vinuesa
5011,96781,2,Garcia LM,Luis Miguel García Vinuesa
5011,196269,1,Garcia LM,Luis Miguel García Vinuesa
5011,200471,3,Garcia LM,Luis Miguel García Vinuesa
5011,267082,2,Garcia LM,Luis Miguel García Vinuesa
5012,68774,0,Garcia MA,Garcia MA
5013,77073,1,Garcia MA,Maria Antonieta Garcia
5014,56388,1,Garcia MR,Michelle Renee Garcia
5015,252066,6,Garcia MR,""
5016,16232,1,Garcia NL,Garcia Nancy L.
5017,248171,0,Garcia NL,Garcia Nancy Lis
5017,286553,0,Garcia NL,Garcia Nancy Lis
5018,299202,3,Garcia PJV,Garcia Paulo Jorge Valente
5018,292830,4,Garcia PJV,Garcia Paulo Jorge Valente
5018,561,0,Garcia PJV,Garcia Paulo Jorge Valente
5018,28876,11,Garcia PJV,Garcia Paulo Jorge Valente
5018,34715,10,Garcia PJV,Garcia Paulo Jorge Valente
5018,56234,5,Garcia PJV,Garcia Paulo Jorge Valente
5018,84040,10,Garcia PJV,Garcia Paulo Jorge Valente
5018,90834,1,Garcia PJV,Garcia Paulo Jorge Valente
5018,204450,1,Garcia PJV,Garcia Paulo Jorge Valente
5019,33776,1,Garcia PY,Garcia Pierre-Yves
5019,271550,1,Garcia PY,Garcia Pierre-Yves
5019,33766,0,Garcia PY,Garcia Pierre-Yves
5019,74386,1,Garcia PY,Garcia Pierre-Yves
5019,126565,2,Garcia PY,Garcia Pierre-Yves
5020,168286,2,Garcia RA,García Rafael A. 
5020,7486,4,Garcia RA,García Rafael A. 
5020,253356,1,Garcia RA,García Rafael A. 
5020,259667,17,Garcia RA,García Rafael A. 
5020,310413,0,Garcia RA,García Rafael A. 
5020,310515,14,Garcia RA,García Rafael A. 
5020,310522,0,Garcia RA,García Rafael A. 
5020,7425,1,Garcia RA,García Rafael A. 
5020,7480,2,Garcia RA,García Rafael A. 
5020,7486,4,Garcia RA,García Rafael A. 
5020,7488,9,Garcia RA,García Rafael A. 
5020,7489,27,Garcia RA,García Rafael A. 
5020,10047,12,Garcia RA,García Rafael A. 
5020,15204,24,Garcia RA,García Rafael A. 
5020,15205,13,Garcia RA,García Rafael A. 
5020,31545,0,Garcia RA,García Rafael A. 
5020,37539,9,Garcia RA,García Rafael A. 
5020,37559,2,Garcia RA,García Rafael A. 
5020,43169,6,Garcia RA,García Rafael A. 
5020,58023,3,Garcia RA,García Rafael A. 
5020,58024,14,Garcia RA,García Rafael A. 
5020,58025,15,Garcia RA,García Rafael A. 
5020,58026,27,Garcia RA,García Rafael A. 
5020,62564,6,Garcia RA,García Rafael A. 
5020,63948,1,Garcia RA,García Rafael A. 
5020,66463,2,Garcia RA,García Rafael A. 
5020,74650,10,Garcia RA,García Rafael A. 
5021,20152,1989,Garcia RM,Murillo Garcia R
5021,211172,82,Garcia RM,Murillo Garcia R
5021,2060,2018,Garcia RM,Murillo Garcia R
5021,4169,2004,Garcia RM,Murillo Garcia R
5021,5524,1745,Garcia RM,Murillo Garcia R
5021,5525,1749,Garcia RM,Murillo Garcia R
5021,5526,1592,Garcia RM,Murillo Garcia R
5021,5527,1615,Garcia RM,Murillo Garcia R
5021,5528,1614,Garcia RM,Murillo Garcia R
5021,5533,1597,Garcia RM,Murillo Garcia R
5021,178932,1847,Garcia RM,Murillo Garcia R
5022,173596,80,Garcia SMI,"GARCIA-SCIVERES, Maurice"
5022,5524,1593,Garcia SMI,"GARCIA-SCIVERES, Maurice"
5022,5525,1595,Garcia SMI,"GARCIA-SCIVERES, Maurice"
5022,8063,279,Garcia SMI,"GARCIA-SCIVERES, Maurice"
5022,178932,1676,Garcia SMI,"GARCIA-SCIVERES, Maurice"
5022,178934,266,Garcia SMI,"GARCIA-SCIVERES, Maurice"
5026,8378,0,Martin AC,Anne-Céline Martin
5026,11786,4,Martin AC,Anne-Céline Martin
5026,4749,0,Martin AC,Anne-Céline Martin
5026,198945,7,Martin AC,Anne-Céline Martin
5027,259752,0,Martin AR,Anthony Rucker MARTIN
5027,109767,4,Martin AR,Anthony Rucker MARTIN
5027,55751,1,Martin AR,Anthony Rucker MARTIN
5027,308020,0,Martin AR,Anthony Rucker MARTIN
5028,238841,278,Martin B,""
5029,243290,24,Martin B,""
5030,266036,5,Martin B,Bruno Martin
5030,248915,0,Martin B,Bruno Martin
5030,221658,7,Martin B,Bruno Martin
5030,80347,3,Martin B,Bruno Martin
5030,115989,2,Martin B,Bruno Martin
5030,44092,2,Martin B,Bruno Martin
5030,237771,1,Martin B,Bruno Martin
5031,313421,1,Martin B,Barnaby Martin
5032,285425,3,Martin BBM,Brigitte B. M. Martin
5033,202183,4,Martin C,""
5034,217872,12,Martin C,""
5035,221906,5,Martin C,""
5035,188725,6,Martin C,""
5036,225330,2,Martin C,""
5037,290422,3,Muller JF,""
5037,71568,6,Muller JF,""
5037,200987,1,Muller JF,""
5037,309170,5,Muller JF,""
5038,142799,0,Muller JM,Jean-Marc Muller
5038,168357,3,Muller JM,Jean-Marc Muller
5038,185965,3,Muller JM,Jean-Marc Muller
5038,251560,3,Muller JM,Jean-Marc Muller
5038,22059,5,Muller JM,Jean-Marc Muller
5038,62194,3,Muller JM,Jean-Marc Muller
5038,142799,0,Muller JM,Jean-Marc Muller
5039,220943,2,Muller JM,Jean-Michel Muller
5039,73767,4,Muller JM,Jean-Michel Muller
5039,76114,1,Muller JM,Jean-Michel Muller
5039,90571,1,Muller JM,Jean-Michel Muller
5039,144928,1,Muller JM,Jean-Michel Muller
5039,144929,2,Muller JM,Jean-Michel Muller
5039,156235,1,Muller JM,Jean-Michel Muller
5039,211143,1,Muller JM,Jean-Michel Muller
5039,220943,2,Muller JM,Jean-Michel Muller
5039,229074,2,Muller JM,Jean-Michel Muller
5039,229075,3,Muller JM,Jean-Michel Muller
5039,2689,1,Muller JM,Jean-Michel Muller
5039,2692,3,Muller JM,Jean-Michel Muller
5040,255468,1,Muller MC,""
5040,15104,3,Muller MC,""
5040,66530,6,Muller MC,""
5040,69982,9,Muller MC,""
5040,13158,7,Muller MC,""
5040,30634,6,Muller MC,""
5040,69982,9,Muller MC,""
5040,113626,13,Muller MC,""
5040,123784,13,Muller MC,""
5040,159408,3,Muller MC,""
5040,159450,1,Muller MC,""
5040,159516,6,Muller MC,""
5040,235293,5,Muller MC,""
5040,255468,1,Muller MC,""
5040,272648,7,Muller MC,""
5040,15104,3,Muller MC,""
5041,26672,6,Muller MH,Marie-Hellen Muller
5041,219926,0,Muller MH,Marie-Hellen Muller
5041,254360,0,Muller MH,Marie-Hellen Muller
5042,198508,0,Muller RD,R. Dietmar Müller
5042,259084,16,Muller RD,R. Dietmar Müller
5042,154481,1,Muller RD,R. Dietmar Müller
5043,315158,10,Martin D,""
5044,235219,5,Martin DC,D. Christopher Martin
5044,276039,176265,Martin DC,D. Christopher Martin
5044,78943,198158,Martin DC,D. Christopher Martin
5044,78962,130169,Martin DC,D. Christopher Martin
5044,113469,78958,Martin DC,D. Christopher Martin
5044,78959,94298,Martin DC,D. Christopher Martin
5044,2405,78967,Martin DC,D. Christopher Martin
5044,78964,281936,Martin DC,D. Christopher Martin
5044,78953,78956,Martin DC,D. Christopher Martin
5044,186581,292102,Martin DC,D. Christopher Martin
5044,78957,78948,Martin DC,D. Christopher Martin
5044,263375,78961,Martin DC,D. Christopher Martin
5044,268572,78968,Martin DC,D. Christopher Martin
5044,263864,78969,Martin DC,D. Christopher Martin
5044,78954,78960,Martin DC,D. Christopher Martin
5044,78942,78951,Martin DC,D. Christopher Martin
5044,78965,78952,Martin DC,D. Christopher Martin
5044,78946,30289,Martin DC,D. Christopher Martin
5044,78945,78947,Martin DC,D. Christopher Martin
5044,78955,78963,Martin DC,D. Christopher Martin
5044,78950,78949,Martin DC,D. Christopher Martin
5044,78944,82633,Martin DC,D. Christopher Martin
5044,78966,199011,Martin DC,D. Christopher Martin
5045,204417,6,Martin DP,Darren Martin
5045,204416,8,Martin DP,Darren Martin
5045,80387,1,Martin DP,Darren Martin
5045,173538,13,Martin DP,Darren Martin
5045,201031,1,Martin DP,Darren Martin
5045,279401,5,Martin DP,Darren Martin
5045,287397,6,Martin DP,Darren Martin
5045,237812,1,Martin DP,Darren Martin
5045,204417,6,Martin DP,Darren Martin
5045,204416,8,Martin DP,Darren Martin
5045,12476,1,Martin DP,Darren Martin
5047,271155,2,Martin E,""
5048,278403,3,Martin E,Elodie Martin
5048,127024,6,Martin E,Elodie Martin
5048,178096,1,Martin E,Elodie Martin
5048,198648,1,Martin E,Elodie Martin
5048,278403,3,Martin E,Elodie Martin
5048,124185,2,Martin E,Elodie Martin
5049,303646,1,Martin E,Eric Martin
5049,221463,3,Martin E,Eric Martin
5049,63332,2,Martin E,Eric Martin
5049,25019,1,Martin E,Eric Martin
5049,221463,3,Martin E,Eric Martin
5050,234526,1,Thomas AW,Anthony William Thomas
5050,234526,1,Thomas AW,Anthony William Thomas
5050,1469,3,Thomas AW,Anthony William Thomas
5050,98921,3,Thomas AW,Anthony William Thomas
5051,293112,7,Thomas AW,Alan W. Thomas
5051,172187,8,Thomas AW,Alan W. Thomas
5051,124130,5,Thomas AW,Alan W. Thomas
5051,32296,5,Thomas AW,Alan W. Thomas
5052,234202,0,Thomas B,Bonnemains Thomas
5052,261132,0,Thomas B,Bonnemains Thomas
5053,271375,2,Thomas B,B Thomas
5053,6359,2,Thomas B,B Thomas
5054,281306,1,Thomas B,Botelberge Thomas
5055,6873,0,Martin F,Francis Martin
5055,6874,9,Martin F,Francis Martin
5055,71520,3,Martin F,Francis Martin
5055,18092,3,Martin F,Francis Martin
5056,218148,6,Martin G,Gilbert Martin
5056,281521,0,Martin G,Gilbert Martin
5056,242882,0,Martin G,Gilbert Martin
5057,285574,0,Martin G,Guillaume Martin
5057,36409,0,Martin G,Guillaume Martin
5058,268384,4,Martin GB,Graeme B. Martin 
5058,268384,4,Martin GB,Graeme B. Martin 
5058,185491,1,Martin GB,Graeme B. Martin 
5059,252411,4,Martin H,Hélène Martin
5059,185272,8,Martin H,Hélène Martin
5059,275660,8,Martin H,Hélène Martin
5059,252411,4,Martin H,Hélène Martin
5059,67204,2,Martin H,Hélène Martin
5059,200718,3,Martin H,Hélène Martin
5060,214001,2,Martin I,Martín Isidro
5060,504,4,Martin I,Martín Isidro
5060,175942,2,Martin I,Martín Isidro
5060,207386,3,Martin I,Martín Isidro
5062,258354,357,Martin IW,Martin Iain W
5062,13750,393,Martin IW,Martin Iain W
5062,38841,391,Martin IW,Martin Iain W
5062,48998,364,Martin IW,Martin Iain W
5062,53126,362,Martin IW,Martin Iain W
5062,53127,364,Martin IW,Martin Iain W
5062,63908,362,Martin IW,Martin Iain W
5062,256142,263,Martin IW,Martin Iain W
5062,259079,0,Martin IW,Martin Iain W
5062,25467,74,Martin IW,Martin Iain W
5062,26871,74,Martin IW,Martin Iain W
5062,187238,230,Martin IW,Martin Iain W
5062,203846,0,Martin IW,Martin Iain W
5063,209318,0,Martin J,Martin Jérôme
5063,140838,3,Martin J,Martin Jérôme
5063,206175,7,Martin J,Martin Jérôme
5063,140837,4,Martin J,Martin Jérôme
5063,65513,6,Martin J,Martin Jérôme
5063,308338,1,Martin J,Martin Jérôme
5063,224738,4,Martin J,Martin Jérôme
5064,248379,3,Martin J,Martin Jerome Christophe
5064,248864,0,Martin J,Martin Jerome Christophe
5064,246823,0,Martin J,Martin Jerome Christophe
5065,280165,2,Martin J,Martin Jocelyne
5065,131650,3,Martin J,Martin Jocelyne
5066,308993,8,Martin J,Martin Jérôme
5066,286516,2,Martin J,Martin Jérôme
5066,224079,10,Martin J,Martin Jérôme
5066,212438,1,Martin J,Martin Jérôme
5066,297443,1,Martin J,Martin Jérôme
5066,245,2,Martin J,Martin Jérôme
5066,234345,1,Martin J,Martin Jérôme
5066,43790,2,Martin J,Martin Jérôme
5066,244396,0,Martin J,Martin Jérôme
5066,318053,0,Martin J,Martin Jérôme
5066,308997,5,Martin J,Martin Jérôme
5066,279320,2,Martin J,Martin Jérôme
5067,202235,3,Martin JM,Martin Jean Michel
5067,234934,12,Martin JM,Martin Jean Michel
5067,8989,13,Martin JM,Martin Jean Michel
5067,28046,5,Martin JM,Martin Jean Michel
5067,64735,0,Martin JM,Martin Jean Michel
5067,77815,4,Martin JM,Martin Jean Michel
5067,76344,6,Martin JM,Martin Jean Michel
5067,240038,12,Martin JM,Martin Jean Michel
5067,273783,4,Martin JM,Martin Jean Michel
5067,285036,1,Martin JM,Martin Jean Michel
5067,282049,3,Martin JM,Martin Jean Michel
5067,281269,4,Martin JM,Martin Jean Michel
5067,297903,2,Martin JM,Martin Jean Michel
5067,154292,11,Martin JM,Martin Jean Michel
5067,170134,12,Martin JM,Martin Jean Michel
5067,175081,6,Martin JM,Martin Jean Michel
5067,179731,3,Martin JM,Martin Jean Michel
5067,201084,4,Martin JM,Martin Jean Michel
5067,196512,5,Martin JM,Martin Jean Michel
5068,215900,77,Martin JM,Martin Jérôme
5068,53882,2,Martin JM,Martin Jérôme
5068,76447,3,Martin JM,Martin Jérôme
5068,69026,1,Martin JM,Martin Jérôme
5068,238861,1,Martin JM,Martin Jérôme
5068,255000,3,Martin JM,Martin Jérôme
5068,259654,89,Martin JM,Martin Jérôme
5068,259645,88,Martin JM,Martin Jérôme
5068,263227,171,Martin JM,Martin Jérôme
5069,275732,4,Thomas K,Thomas Karine
5069,13327,1,Thomas K,Thomas Karine
5069,33900,2,Thomas K,Thomas Karine
5069,43056,2,Thomas K,Thomas Karine
5069,69286,2,Thomas K,Thomas Karine
5069,209255,2,Thomas K,Thomas Karine
5069,140753,2,Thomas K,Thomas Karine
5069,69286,2,Thomas K,Thomas Karine
5071,69300,3,Thomas K,""
5072,235341,3,Thomas L,Thomas Lionel
5072,287622,2,Thomas L,Thomas Lionel
5073,248118,1,Thomas L,Thomas Lionel
5074,297264,3,Martin MM,""
5076,242111,0,Martin NF,Martin Nicolas F.
5076,24509,3,Martin NF,Martin Nicolas F.
5076,76451,3,Martin NF,Martin Nicolas F.
5076,78298,1,Martin NF,Martin Nicolas F.
5076,87446,0,Martin NF,Martin Nicolas F.
5076,96424,0,Martin NF,Martin Nicolas F.
5076,118909,6,Martin NF,Martin Nicolas F.
5076,126997,3,Martin NF,Martin Nicolas F.
5076,154398,3,Martin NF,Martin Nicolas F.
5076,155174,2,Martin NF,Martin Nicolas F.
5076,160087,5,Martin NF,Martin Nicolas F.
5076,171821,6,Martin NF,Martin Nicolas F.
5076,252925,5,Martin NF,Martin Nicolas F.
5076,266814,4,Martin NF,Martin Nicolas F.
5077,252925,5,Martin NF,Martin Nicolas F.
5077,24509,3,Martin NF,Martin Nicolas F.
5077,76451,3,Martin NF,Martin Nicolas F.
5077,78298,1,Martin NF,Martin Nicolas F.
5077,87446,0,Martin NF,Martin Nicolas F.
5077,96424,0,Martin NF,Martin Nicolas F.
5077,118909,6,Martin NF,Martin Nicolas F.
5077,126997,3,Martin NF,Martin Nicolas F.
5077,154398,3,Martin NF,Martin Nicolas F.
5077,155174,2,Martin NF,Martin Nicolas F.
5077,160087,5,Martin NF,Martin Nicolas F.
5077,171821,6,Martin NF,Martin Nicolas F.
5077,242111,0,Martin NF,Martin Nicolas F.
5077,266814,4,Martin NF,Martin Nicolas F.
5078,241871,4,Martin PM,Martin Pierre-Marie
5078,4979,9,Martin PM,Martin Pierre-Marie
5078,16504,4,Martin PM,Martin Pierre-Marie
5078,42180,0,Martin PM,Martin Pierre-Marie
5078,42181,0,Martin PM,Martin Pierre-Marie
5078,56433,8,Martin PM,Martin Pierre-Marie
5078,118383,9,Martin PM,Martin Pierre-Marie
5078,150289,5,Martin PM,Martin Pierre-Marie
5078,157463,12,Martin PM,Martin Pierre-Marie
5078,170001,2,Martin PM,Martin Pierre-Marie
5078,179273,1,Martin PM,Martin Pierre-Marie
5078,213710,9,Martin PM,Martin Pierre-Marie
5078,231739,0,Martin PM,Martin Pierre-Marie
5078,240928,11,Martin PM,Martin Pierre-Marie
5078,251011,6,Martin PM,Martin Pierre-Marie
5078,251165,8,Martin PM,Martin Pierre-Marie
5078,235685,13,Martin PM,Martin Pierre-Marie
5078,248129,11,Martin PM,Martin Pierre-Marie
5079,251165,8,Martin PM,Martin Pierre-Marie
5079,4979,9,Martin PM,Martin Pierre-Marie
5079,16504,4,Martin PM,Martin Pierre-Marie
5079,42180,0,Martin PM,Martin Pierre-Marie
5079,42181,0,Martin PM,Martin Pierre-Marie
5079,56433,8,Martin PM,Martin Pierre-Marie
5079,118383,9,Martin PM,Martin Pierre-Marie
5079,150289,5,Martin PM,Martin Pierre-Marie
5079,157463,12,Martin PM,Martin Pierre-Marie
5079,170001,2,Martin PM,Martin Pierre-Marie
5079,179273,1,Martin PM,Martin Pierre-Marie
5079,213710,9,Martin PM,Martin Pierre-Marie
5079,231739,0,Martin PM,Martin Pierre-Marie
5079,240928,11,Martin PM,Martin Pierre-Marie
5079,251011,6,Martin PM,Martin Pierre-Marie
5079,235685,13,Martin PM,Martin Pierre-Marie
5079,241871,4,Martin PM,Martin Pierre-Marie
5079,248129,11,Martin PM,Martin Pierre-Marie
5080,124029,2,Muller AA,Muller Andrei A
5080,25703,6,Muller AA,Muller Andrei A
5080,49651,1,Muller AA,Muller Andrei A
5080,288906,4,Muller AA,Muller Andrei A
5081,78378,10,Muller AHE,Axel H. E. Muller
5081,54786,3,Muller AHE,Axel H. E. Muller
5081,64478,3,Muller AHE,Axel H. E. Muller
5081,83322,5,Muller AHE,Axel H. E. Muller
5081,108519,7,Muller AHE,Axel H. E. Muller
5081,121985,3,Muller AHE,Axel H. E. Muller
5081,187183,5,Muller AHE,Axel H. E. Muller
5081,203991,8,Muller AHE,Axel H. E. Muller
5081,293576,6,Muller AHE,Axel H. E. Muller
5081,310382,5,Muller AHE,Axel H. E. Muller
5082,237082,2,Muller AJ,Alejandro J. Müller
5082,155521,1,Muller AJ,Alejandro J. Müller
5082,187321,4,Muller AJ,Alejandro J. Müller
5082,263793,5,Muller AJ,Alejandro J. Müller
5082,275571,2,Muller AJ,Alejandro J. Müller
5082,278155,2,Muller AJ,Alejandro J. Müller
5084,155521,1,Muller AJ,Alejandro J. Müller
5084,187321,4,Muller AJ,Alejandro J. Müller
5084,263793,5,Muller AJ,Alejandro J. Müller
5084,275571,2,Muller AJ,Alejandro J. Müller
5084,278155,2,Muller AJ,Alejandro J. Müller
5084,237082,2,Muller AJ,Alejandro J. Müller
5085,240708,1,Muller CA,Cord A. Mueller
5085,101644,1,Muller CA,Cord A. Mueller
5085,108629,4,Muller CA,Cord A. Mueller
5085,192690,2,Muller CA,Cord A. Mueller
5085,261887,5,Muller CA,Cord A. Mueller
5085,268369,3,Muller CA,Cord A. Mueller
5085,282649,3,Muller CA,Cord A. Mueller
5086,128918,4,Muller CD,Christian D. Muller
5086,19572,3,Muller CD,Christian D. Muller
5086,25318,1,Muller CD,Christian D. Muller
5086,47544,5,Muller CD,Christian D. Muller
5086,70254,1,Muller CD,Christian D. Muller
5086,84503,4,Muller CD,Christian D. Muller
5086,85183,4,Muller CD,Christian D. Muller
5086,87767,6,Muller CD,Christian D. Muller
5086,104757,3,Muller CD,Christian D. Muller
5086,243755,3,Muller CD,Christian D. Muller
5088,42460,3,Muller CW,Christoph W Muller
5088,12635,3,Muller CW,Christoph W Muller
5088,68542,2,Muller CW,Christoph W Muller
5088,84576,7,Muller CW,Christoph W Muller
5088,123499,7,Muller CW,Christoph W Muller
5088,165419,9,Muller CW,Christoph W Muller
5088,201831,5,Muller CW,Christoph W Muller
5088,249592,12,Muller CW,Christoph W Muller
5088,263973,7,Muller CW,Christoph W Muller
5090,198470,5,Muller DJ,Daniel J. Muller
5090,87329,4,Muller DJ,Daniel J. Muller
5090,116581,4,Muller DJ,Daniel J. Muller
5090,201271,5,Muller DJ,Daniel J. Muller
5090,258262,7,Muller DJ,Daniel J. Muller
5092,258920,9,Muller RN,Muller Robert N. 
5092,244056,9,Muller RN,Muller Robert N. 
5092,188330,6,Muller RN,Muller Robert N. 
5092,104360,5,Muller RN,Muller Robert N. 
5092,83082,4,Muller RN,Muller Robert N. 
5093,125938,1,Muller RR,Müller Ralf
5093,63528,1,Muller RR,Müller Ralf
5093,149313,1,Muller RR,Müller Ralf
5093,63529,1,Muller RR,Müller Ralf
5093,120658,1,Muller RR,Müller Ralf
5094,203179,32,Muller WFJ,""
5094,249943,4,Muller WFJ,""
5094,280704,34,Muller WFJ,""
5094,309367,34,Muller WFJ,""
5094,116711,34,Muller WFJ,""
5094,127373,7,Muller WFJ,""
5094,167389,34,Muller WFJ,""
5094,213271,25,Muller WFJ,""
5094,213686,24,Muller WFJ,""
5094,220792,22,Muller WFJ,""
5095,254713,1,Thomas A,Thomas André
5095,16136,1,Thomas A,Thomas André
5095,244093,8,Thomas A,Thomas André
5095,257301,0,Thomas A,Thomas André
5095,257302,0,Thomas A,Thomas André
5095,309295,2,Thomas A,Thomas André
5095,282348,2,Thomas A,Thomas André
5095,205893,1,Thomas A,Thomas André
5095,225501,2,Thomas A,Thomas André
5095,94363,66,Thomas A,Thomas André
5095,121194,1,Thomas A,Thomas André
5111,216528,1,Thomas JC,Jean-Claude Thomas
5114,109667,2,Thomas JM,Thomas Jean-Marie
5114,161236,2,Thomas JM,Thomas Jean-Marie
5114,185838,2,Thomas JM,Thomas Jean-Marie
5114,315497,2,Thomas JM,Thomas Jean-Marie
5118,56194,16,Thomas SR,Randall Thomas S
5120,297437,4,Wagner JE,John E Wagner
5120,34582,15,Wagner JE,John E Wagner
5120,39675,18,Wagner JE,John E Wagner
5120,54502,0,Wagner JE,John E Wagner
5120,82756,9,Wagner JE,John E Wagner
5120,82976,13,Wagner JE,John E Wagner
5120,159394,7,Wagner JE,John E Wagner
5120,240387,15,Wagner JE,John E Wagner
5120,286744,1,Wagner JE,John E Wagner
5121,135093,3,Wagner MH,Maria Helena Wagner
5121,27219,5,Wagner MH,Maria Helena Wagner
5121,151954,1,Wagner MH,Maria Helena Wagner
5121,276520,2,Wagner MH,Maria Helena Wagner
5137,5252,1,Martin F,Martin Frederic
5137,13517,3,Martin F,Martin Frederic
5138,218527,0,Martin L,Martin Laure
5139,240892,2,Martin L,Martin Lisa
5140,1710,2,Martin L,""
5140,214650,2,Martin L,""
5142,255881,11,Martin MJ,"Martin, Matthew J"
5142,255878,8,Martin MJ,"Martin, Matthew J"
5142,255879,5,Martin MJ,"Martin, Matthew J"
5142,255882,9,Martin MJ,"Martin, Matthew J"
5143,144008,0,Ganascia JG,Jean-Gabriel Ganascia
5143,306203,0,Ganascia JG,Jean-Gabriel Ganascia
5143,216767,0,Ganascia JG,Jean-Gabriel Ganascia
5143,137725,0,Ganascia JG,Jean-Gabriel Ganascia
5143,142422,0,Ganascia JG,Jean-Gabriel Ganascia
5143,301999,2,Ganascia JG,Jean-Gabriel Ganascia
5143,153501,1,Ganascia JG,Jean-Gabriel Ganascia
5143,306959,1,Ganascia JG,Jean-Gabriel Ganascia
5143,218404,3,Ganascia JG,Jean-Gabriel Ganascia
5143,187542,0,Ganascia JG,Jean-Gabriel Ganascia
5143,30067,0,Ganascia JG,Jean-Gabriel Ganascia
5143,134269,1,Ganascia JG,Jean-Gabriel Ganascia
